{
  "best_model": "logistic_regression",
  "models": {
    "logistic_regression": {
      "best_params": {
        "classifier__C": 1.0,
        "classifier__penalty": "l2",
        "classifier__solver": "lbfgs"
      },
      "cv_roc_auc": 0.9024182484182486,
      "test_metrics": {
        "accuracy": 0.8166666666666667,
        "precision": 0.8695652173913043,
        "recall": 0.7142857142857143,
        "f1": 0.7843137254901961,
        "roc_auc": 0.9408482142857143
      }
    },
    "random_forest": {
      "best_params": {
        "classifier__max_depth": null,
        "classifier__min_samples_split": 5,
        "classifier__n_estimators": 200
      },
      "cv_roc_auc": 0.9027758907758907,
      "test_metrics": {
        "accuracy": 0.8333333333333334,
        "precision": 0.8461538461538461,
        "recall": 0.7857142857142857,
        "f1": 0.8148148148148148,
        "roc_auc": 0.9319196428571428
      }
    }
  },
  "holdout_eval": {
    "accuracy": 0.8166666666666667,
    "precision": 0.8695652173913043,
    "recall": 0.7142857142857143,
    "f1": 0.7843137254901961,
    "roc_auc": 0.9408482142857143,
    "confusion_matrix": [
      [
        29,
        3
      ],
      [
        8,
        20
      ]
    ]
  }
}